Dataset,Accuracy,Precision,Recall,F1 Score
Validation,0.834,0.8428151094883097,0.834,0.8297123795083388
Test,0.804,0.8077594724488348,0.804,0.7972180977785346
