Dataset,Accuracy,Precision,Recall,F1 Score
Validation,0.8735,0.8747643422221681,0.8735,0.8702263124850396
Test,0.8645,0.8642684561537104,0.8645,0.8600180455376003
